voltage,current
0.2994,11.8600
0.2992,11.8600
0.2982,11.9000
0.2984,11.8200
0.2976,11.9400
0.2928,11.9800
0.2972,11.9800
0.2858,11.9800
0.2976,11.9000
0.2978,12.0200
0.3018,11.9800
0.2978,11.9000
0.3022,11.9400
0.3026,11.9800
0.2950,11.8600
0.2980,12.0600
0.2952,11.9400
0.3022,12.0200
0.3118,11.8600
0.2996,11.8200
0.2976,11.9800
0.2970,11.9400
0.2990,11.9800
0.2978,11.8600
0.3008,11.9000
0.2954,11.9800
0.2956,11.9400
0.2984,11.9000
0.2986,12.0600
0.2958,11.9800
0.3022,12.0600
0.2980,12.0600
0.3022,11.9800
0.2920,11.9800
0.2964,11.9400
0.3046,12.0200
0.2986,12.0200
0.2938,11.8200
0.2988,11.9800
0.3098,12.0200
0.2988,12.0600
0.3032,11.9800
0.2988,11.9000
0.2924,11.9400
0.3000,11.8600
0.2988,12.0200
0.2980,11.9400
0.2826,11.9400
0.2942,11.9800
0.2988,11.9000
0.2948,11.8600
0.2932,11.9400
0.3022,11.8200
0.2978,11.8200
0.3012,12.1000
0.2944,11.9400
0.2982,11.9800
0.2994,11.9400
0.2998,11.9400
0.2960,12.0600
0.2932,11.9000
0.2984,12.0200
0.2960,11.8200
0.3012,11.9400
0.2934,12.0600
0.3020,11.7800
0.3048,12.0200
0.2992,11.8600
0.2964,11.9800
0.2976,11.9400
0.2970,11.9000
0.2926,11.9800
0.2944,11.9400
0.2984,11.9400
0.2884,11.9400
0.2878,11.9800
0.3014,11.8600
0.3040,11.8600
0.2984,12.0200
0.2964,11.9400
0.3012,11.9400
0.2980,12.0600
0.2992,12.1400
0.2944,11.9000
0.3012,11.8600
0.2906,11.9800
0.2972,11.9800
0.3008,11.9000
0.3000,11.9800
0.2954,11.9000
0.2926,11.9400
0.2944,11.9400
0.2906,11.8600
0.2900,12.0200
0.2942,11.9400
0.3002,11.9000
0.2994,12.0200
0.2956,11.9800
0.3022,12.0200
0.1420,-0.0400
0.1420,0.0000
0.1420,0.0400
0.1420,0.0400
0.1420,0.0000
0.1420,0.0800
0.1420,0.0800
0.1420,0.0000
0.1424,-0.1200
0.1420,0.0400
0.1550,0.0800
0.1618,-0.0800
0.1670,0.1600
0.1836,0.0000
0.1856,0.3200
0.1944,0.2000
0.1998,0.2400
0.2030,0.2800
0.1938,0.6000
0.2106,0.5600
0.2186,0.5800
0.2212,0.7200
0.2212,0.8000
0.2300,0.8200
0.2348,1.1400
0.2322,1.1000
0.2332,1.2600
0.2322,1.2600
0.2264,1.5000
0.2434,1.6200
0.2384,1.7400
0.2488,1.9600
0.2502,1.8600
0.2466,2.0800
0.2534,2.1200
0.2460,2.2400
0.2558,2.5200
0.2488,2.4400
0.2544,2.5600
0.2504,2.6800
0.2502,2.8400
0.2566,3.0000
0.2602,3.2000
0.2618,3.2600
0.2574,3.2400
0.2634,3.4600
0.2610,3.5400
0.2610,3.6600
0.2650,3.8200
0.2662,3.8600
0.2734,3.9400
0.2728,4.2200
0.2720,4.3400
0.2600,4.4600
0.2686,4.6800
0.2716,4.6200
0.2744,4.7200
0.2732,4.8400
0.2630,5.0400
0.2756,5.0400
0.2594,5.2800
0.2788,5.3200
0.2752,5.5200
0.2826,5.6000
0.2692,5.7600
0.2774,5.8600
0.2954,5.9600
0.2760,6.1000
0.2800,6.2200
0.2726,6.3800
0.2754,6.4600
0.2788,6.5800
0.2722,6.8600
0.2866,6.9800
0.2844,7.0200
0.2840,7.1000
0.2828,7.2000
0.2748,7.4600
0.2880,7.5000
0.2834,7.6400
0.2850,7.6800
0.2836,7.8400
0.2816,7.9600
0.2894,8.1600
0.2888,8.2400
0.2706,8.4400
0.2872,8.6000
0.2846,8.6400
0.3004,8.7800
0.2846,8.8200
0.2856,9.0600
0.2928,9.1000
0.2784,9.3000
0.2894,9.3800
0.2880,9.6200
0.2936,9.5000
0.2964,9.7800
0.2914,9.8600
0.2938,10.0000
0.2890,10.1000
0.2868,10.2800
0.2918,10.4000
0.2912,10.4800
0.2940,10.6000
0.2928,10.6800
0.2862,10.8800
0.2932,10.8800
0.2964,10.9200
0.2886,11.0800
0.3002,11.1600
0.2982,11.3600
0.3032,11.4200
0.2924,11.6400
0.2954,11.7800
0.2984,11.9400
0.2950,12.1000
0.2984,11.8600
0.2980,11.9400
0.2934,11.8600
0.2992,11.8200
0.2972,11.9400
0.3064,11.9400
0.2962,11.9800
0.2974,11.9400
0.3006,11.9400
0.2932,12.0200
0.2982,11.9000
0.3026,11.9000
0.2980,11.8600
0.2938,11.9800
0.2990,11.9000
0.2884,12.0600
0.2918,11.9000
0.3000,12.0600
0.3036,11.9800
0.3016,11.8600
0.2958,12.0200
0.3020,11.9800
0.2954,11.8600
0.3014,11.9400
0.3016,11.9000
0.3008,12.0600
0.3006,11.8600
0.3136,11.9000
0.2934,11.9000
0.2972,11.9400
0.2942,11.9800
0.3006,12.1000
0.2986,11.9400
0.3020,12.0200
0.2958,12.0200
0.2962,12.1000
0.3030,11.9800
0.2920,11.8200
0.2864,12.0200
0.2964,11.8200
